camper_id,model,type,year,location_id,service_due
RV00000,White,Truck Camper,2010,LOC053,No
RV00001,Site,Class C,2019,LOC033,No
RV00002,Vote,Class C,2019,LOC026,No
RV00003,Strong,Class C,2012,LOC017,No
RV00004,Understand,Pop-Up,2020,LOC056,No
RV00005,Least,Truck Camper,2020,LOC093,No
RV00006,Water,Class C,2015,LOC084,No
RV00007,Car,Class C,2018,LOC030,No
RV00008,Class,Class B,2010,LOC005,No
RV00009,Million,Class C,2021,LOC006,No
RV00010,Marriage,Class B,2015,LOC062,No
RV00011,Establish,Truck Camper,2011,LOC010,No
RV00012,Something,Truck Camper,2018,LOC070,No
RV00013,Feeling,Truck Camper,2022,LOC010,No
RV00014,Police,Class B,2011,LOC085,No
RV00015,Yeah,Pop-Up,2021,LOC044,No
RV00016,Modern,Pop-Up,2012,LOC056,No
RV00017,Middle,Class C,2021,LOC004,No
RV00018,Image,Truck Camper,2011,LOC013,No
RV00019,Traditional,Class A,2020,LOC074,No
RV00020,State,Class C,2013,LOC080,No
RV00021,Various,Pop-Up,2013,LOC019,No
RV00022,Professor,Pop-Up,2019,LOC070,No
RV00023,Figure,Truck Camper,2010,LOC090,Yes
RV00024,Small,Class B,2017,LOC062,No
RV00025,Stand,Class C,2014,LOC009,No
RV00026,Meeting,Class B,2021,LOC046,No
RV00027,Page,Pop-Up,2017,LOC056,No
RV00028,Forward,Truck Camper,2022,LOC074,No
RV00029,Blood,Pop-Up,2015,LOC040,No
RV00030,Yard,Truck Camper,2011,LOC067,No
RV00031,Think,Class A,2016,LOC083,No
RV00032,Marriage,Class B,2019,LOC062,Yes
RV00033,Woman,Class C,2018,LOC099,No
RV00034,Return,Truck Camper,2016,LOC046,No
RV00035,Year,Class A,2020,LOC006,No
RV00036,Meet,Class A,2014,LOC029,No
RV00037,Class,Class B,2013,LOC019,No
RV00038,Talk,Truck Camper,2020,LOC015,No
RV00039,City,Class C,2017,LOC057,No
RV00040,Against,Class C,2015,LOC038,No
RV00041,Million,Class C,2022,LOC021,No
RV00042,Smile,Pop-Up,2014,LOC051,No
RV00043,Forget,Pop-Up,2016,LOC039,No
RV00044,Check,Truck Camper,2020,LOC087,No
RV00045,Beyond,Class C,2012,LOC020,No
RV00046,Total,Class A,2018,LOC002,No
RV00047,Under,Class C,2013,LOC032,No
RV00048,Option,Truck Camper,2021,LOC092,No
RV00049,House,Class C,2013,LOC004,No
RV00050,Cover,Class B,2017,LOC007,No
RV00051,President,Class C,2015,LOC003,Yes
RV00052,Along,Class A,2020,LOC025,No
RV00053,Our,Truck Camper,2010,LOC009,No
RV00054,Size,Truck Camper,2011,LOC087,No
RV00055,Person,Class A,2018,LOC087,No
RV00056,Effort,Truck Camper,2015,LOC026,No
RV00057,Star,Class C,2016,LOC064,No
RV00058,According,Truck Camper,2020,LOC018,No
RV00059,Side,Class C,2018,LOC088,No
RV00060,List,Truck Camper,2012,LOC091,No
RV00061,Cut,Class C,2014,LOC002,No
RV00062,Its,Class C,2014,LOC001,No
RV00063,Card,Class A,2019,LOC048,No
RV00064,Possible,Class A,2016,LOC080,Yes
RV00065,Once,Pop-Up,2022,LOC063,No
RV00066,Bring,Class A,2011,LOC088,No
RV00067,Successful,Class C,2013,LOC036,No
RV00068,And,Class C,2020,LOC063,No
RV00069,Enter,Truck Camper,2013,LOC075,No
RV00070,Book,Truck Camper,2021,LOC026,No
RV00071,And,Pop-Up,2017,LOC006,No
RV00072,Southern,Class C,2019,LOC026,No
RV00073,Social,Pop-Up,2012,LOC093,No
RV00074,Defense,Class C,2011,LOC043,No
RV00075,Two,Class A,2018,LOC001,No
RV00076,Wrong,Truck Camper,2021,LOC009,No
RV00077,Have,Pop-Up,2020,LOC027,No
RV00078,Our,Class B,2013,LOC071,No
RV00079,Hospital,Class C,2018,LOC003,No
RV00080,Performance,Class A,2015,LOC061,No
RV00081,State,Class B,2010,LOC073,No
RV00082,Thought,Class A,2020,LOC002,No
RV00083,Concern,Class A,2012,LOC074,No
RV00084,Wait,Class C,2016,LOC081,No
RV00085,Represent,Class A,2018,LOC031,No
RV00086,History,Pop-Up,2017,LOC065,No
RV00087,City,Class B,2021,LOC018,No
RV00088,Stage,Class A,2014,LOC006,No
RV00089,Hope,Class A,2021,LOC042,No
RV00090,Sort,Truck Camper,2022,LOC068,No
RV00091,Whom,Truck Camper,2017,LOC004,No
RV00092,Receive,Pop-Up,2011,LOC099,No
RV00093,Arrive,Truck Camper,2012,LOC004,No
RV00094,Admit,Class A,2017,LOC065,No
RV00095,Gun,Class A,2018,LOC041,No
RV00096,Interesting,Class B,2019,LOC043,No
RV00097,Kitchen,Truck Camper,2017,LOC095,Yes
RV00098,Set,Class C,2013,LOC055,No
RV00099,Someone,Truck Camper,2022,LOC019,Yes
RV00100,Doctor,Class A,2015,LOC021,No
RV00101,Whether,Class B,2020,LOC058,No
RV00102,Owner,Truck Camper,2014,LOC030,No
RV00103,Test,Class B,2021,LOC007,No
RV00104,Degree,Truck Camper,2013,LOC069,No
RV00105,Situation,Pop-Up,2018,LOC064,No
RV00106,Pretty,Class A,2019,LOC002,No
RV00107,Which,Class A,2012,LOC067,No
RV00108,Even,Class C,2010,LOC079,No
RV00109,Person,Class A,2022,LOC074,No
RV00110,Him,Class C,2016,LOC009,No
RV00111,Everybody,Class A,2019,LOC023,Yes
RV00112,Actually,Truck Camper,2017,LOC014,No
RV00113,Her,Truck Camper,2020,LOC054,No
RV00114,Father,Pop-Up,2022,LOC045,No
RV00115,North,Truck Camper,2012,LOC097,No
RV00116,He,Class B,2012,LOC016,No
RV00117,Require,Truck Camper,2015,LOC084,No
RV00118,Exist,Class C,2011,LOC072,No
RV00119,Coach,Pop-Up,2015,LOC098,No
RV00120,Decision,Class B,2014,LOC095,No
RV00121,Among,Class B,2016,LOC057,No
RV00122,Those,Class A,2018,LOC008,No
RV00123,Hold,Class C,2018,LOC025,No
RV00124,Affect,Truck Camper,2010,LOC041,No
RV00125,Industry,Truck Camper,2016,LOC062,No
RV00126,Rest,Class A,2012,LOC077,No
RV00127,Marriage,Truck Camper,2013,LOC018,No
RV00128,Well,Class B,2011,LOC050,Yes
RV00129,Final,Truck Camper,2010,LOC041,No
RV00130,Feeling,Truck Camper,2019,LOC034,Yes
RV00131,Fine,Class B,2012,LOC100,No
RV00132,Type,Class C,2019,LOC081,No
RV00133,Brother,Class C,2018,LOC012,No
RV00134,Style,Class B,2010,LOC080,No
RV00135,Attention,Class B,2012,LOC077,No
RV00136,Economy,Pop-Up,2020,LOC075,Yes
RV00137,Prepare,Pop-Up,2014,LOC078,No
RV00138,Much,Truck Camper,2012,LOC042,No
RV00139,Administration,Truck Camper,2013,LOC055,No
RV00140,Without,Pop-Up,2013,LOC092,No
RV00141,High,Truck Camper,2010,LOC059,No
RV00142,Side,Class C,2015,LOC051,No
RV00143,Claim,Class C,2020,LOC088,No
RV00144,Off,Class A,2021,LOC053,No
RV00145,Fall,Pop-Up,2016,LOC081,No
RV00146,Worker,Class C,2021,LOC009,No
RV00147,Treatment,Class A,2016,LOC094,No
RV00148,Wish,Class B,2022,LOC003,No
RV00149,Seem,Class C,2015,LOC008,No
RV00150,Course,Class A,2016,LOC082,No
RV00151,No,Truck Camper,2012,LOC059,No
RV00152,Amount,Class A,2014,LOC030,No
RV00153,Room,Class C,2016,LOC067,No
RV00154,Us,Truck Camper,2019,LOC055,No
RV00155,Present,Truck Camper,2014,LOC034,No
RV00156,Out,Class A,2019,LOC043,No
RV00157,Century,Class A,2011,LOC028,No
RV00158,Mind,Class C,2015,LOC037,No
RV00159,Almost,Truck Camper,2016,LOC089,No
RV00160,Writer,Pop-Up,2020,LOC030,No
RV00161,Instead,Class A,2011,LOC071,No
RV00162,Parent,Pop-Up,2019,LOC062,No
RV00163,Republican,Pop-Up,2017,LOC029,No
RV00164,Letter,Truck Camper,2014,LOC002,Yes
RV00165,Music,Class C,2020,LOC090,No
RV00166,When,Pop-Up,2017,LOC057,No
RV00167,Discussion,Class C,2012,LOC057,No
RV00168,Attention,Class A,2011,LOC042,No
RV00169,Color,Truck Camper,2016,LOC049,No
RV00170,Power,Class B,2014,LOC057,No
RV00171,Life,Truck Camper,2014,LOC071,No
RV00172,Daughter,Class B,2022,LOC018,No
RV00173,Show,Class A,2017,LOC070,No
RV00174,Hand,Class C,2022,LOC027,No
RV00175,Mouth,Class A,2018,LOC054,No
RV00176,Top,Truck Camper,2017,LOC024,No
RV00177,Identify,Class B,2019,LOC097,No
RV00178,Technology,Class B,2011,LOC095,No
RV00179,Should,Truck Camper,2019,LOC034,No
RV00180,Doctor,Truck Camper,2020,LOC022,Yes
RV00181,Forward,Class A,2016,LOC088,No
RV00182,Only,Pop-Up,2020,LOC063,No
RV00183,Opportunity,Class B,2014,LOC036,Yes
RV00184,Away,Truck Camper,2016,LOC092,No
RV00185,Down,Class A,2012,LOC084,No
RV00186,Hot,Pop-Up,2013,LOC061,No
RV00187,Simply,Class C,2016,LOC082,No
RV00188,Include,Truck Camper,2011,LOC042,No
RV00189,When,Pop-Up,2011,LOC096,Yes
RV00190,Threat,Class C,2010,LOC033,No
RV00191,Despite,Class C,2010,LOC074,No
RV00192,Buy,Class A,2021,LOC009,No
RV00193,Above,Class B,2010,LOC025,No
RV00194,Individual,Truck Camper,2015,LOC013,Yes
RV00195,Remember,Pop-Up,2022,LOC047,No
RV00196,List,Class C,2014,LOC045,No
RV00197,Establish,Class B,2019,LOC005,No
RV00198,Business,Class C,2017,LOC031,No
RV00199,Threat,Truck Camper,2014,LOC031,No
RV00200,Growth,Truck Camper,2010,LOC098,Yes
RV00201,Specific,Class A,2021,LOC090,No
RV00202,Four,Truck Camper,2017,LOC071,No
RV00203,Against,Truck Camper,2015,LOC041,No
RV00204,Everyone,Truck Camper,2017,LOC046,No
RV00205,Standard,Class B,2022,LOC052,No
RV00206,Several,Pop-Up,2011,LOC084,No
RV00207,By,Pop-Up,2019,LOC086,No
RV00208,Wear,Truck Camper,2017,LOC005,No
RV00209,Full,Pop-Up,2015,LOC012,No
RV00210,Age,Truck Camper,2010,LOC021,No
RV00211,Per,Pop-Up,2022,LOC009,No
RV00212,Total,Pop-Up,2010,LOC093,No
RV00213,A,Class C,2019,LOC091,No
RV00214,Author,Class B,2021,LOC017,No
RV00215,Interest,Class C,2014,LOC024,No
RV00216,In,Class C,2016,LOC027,No
RV00217,Whom,Pop-Up,2013,LOC008,No
RV00218,Throughout,Class A,2022,LOC044,No
RV00219,House,Class A,2019,LOC062,No
RV00220,Tend,Class B,2014,LOC029,No
RV00221,Where,Truck Camper,2019,LOC083,Yes
RV00222,Really,Pop-Up,2012,LOC074,No
RV00223,Rich,Class B,2011,LOC024,No
RV00224,Know,Class C,2011,LOC034,No
RV00225,Million,Pop-Up,2014,LOC060,No
RV00226,Boy,Class C,2013,LOC031,No
RV00227,They,Class B,2011,LOC004,Yes
RV00228,Be,Class A,2014,LOC095,No
RV00229,Seven,Class B,2019,LOC009,Yes
RV00230,Game,Pop-Up,2018,LOC090,No
RV00231,Miss,Pop-Up,2017,LOC077,Yes
RV00232,Health,Truck Camper,2018,LOC090,No
RV00233,Maybe,Class A,2018,LOC054,No
RV00234,Which,Pop-Up,2017,LOC001,No
RV00235,Computer,Class A,2018,LOC061,No
RV00236,Reduce,Pop-Up,2013,LOC073,No
RV00237,Occur,Class A,2017,LOC031,No
RV00238,Best,Class B,2011,LOC088,No
RV00239,East,Class A,2018,LOC045,No
RV00240,Among,Class C,2022,LOC060,Yes
RV00241,Series,Class B,2018,LOC086,No
RV00242,Five,Pop-Up,2020,LOC073,No
RV00243,Tree,Pop-Up,2012,LOC087,No
RV00244,Case,Truck Camper,2015,LOC084,No
RV00245,Sell,Class C,2021,LOC042,No
RV00246,Describe,Truck Camper,2016,LOC085,No
RV00247,Agent,Class B,2012,LOC027,No
RV00248,Above,Truck Camper,2014,LOC058,No
RV00249,Rest,Class B,2010,LOC069,No
RV00250,Start,Truck Camper,2020,LOC081,Yes
RV00251,Nature,Class A,2012,LOC098,No
RV00252,Decade,Class B,2021,LOC073,No
RV00253,Walk,Class B,2017,LOC034,No
RV00254,Despite,Class A,2012,LOC010,No
RV00255,Occur,Class A,2017,LOC066,No
RV00256,Purpose,Class C,2018,LOC025,No
RV00257,Policy,Class A,2015,LOC003,No
RV00258,Which,Truck Camper,2016,LOC034,No
RV00259,Speech,Class A,2015,LOC071,Yes
RV00260,Up,Class A,2017,LOC028,No
RV00261,National,Class B,2016,LOC009,No
RV00262,Player,Class B,2019,LOC011,No
RV00263,Reach,Class A,2010,LOC093,No
RV00264,Eight,Class C,2012,LOC080,No
RV00265,Central,Class B,2012,LOC039,No
RV00266,Whole,Truck Camper,2012,LOC093,No
RV00267,Candidate,Truck Camper,2013,LOC013,No
RV00268,End,Class A,2022,LOC099,No
RV00269,Respond,Class A,2010,LOC011,No
RV00270,Perhaps,Class C,2020,LOC035,No
RV00271,Within,Class A,2011,LOC008,No
RV00272,More,Pop-Up,2021,LOC007,Yes
RV00273,Role,Pop-Up,2014,LOC069,No
RV00274,President,Class A,2020,LOC070,No
RV00275,Court,Pop-Up,2015,LOC057,No
RV00276,Improve,Truck Camper,2018,LOC035,No
RV00277,Future,Class A,2011,LOC094,No
RV00278,Doctor,Truck Camper,2021,LOC011,No
RV00279,Stop,Truck Camper,2018,LOC038,No
RV00280,Gas,Pop-Up,2016,LOC091,No
RV00281,Yourself,Class C,2018,LOC085,Yes
RV00282,From,Truck Camper,2013,LOC078,No
RV00283,Fish,Pop-Up,2016,LOC049,No
RV00284,However,Class C,2010,LOC035,No
RV00285,Away,Pop-Up,2017,LOC029,No
RV00286,Life,Pop-Up,2016,LOC088,No
RV00287,Store,Class A,2016,LOC100,No
RV00288,Admit,Class B,2011,LOC041,No
RV00289,Move,Class C,2019,LOC096,No
RV00290,Reflect,Pop-Up,2018,LOC006,No
RV00291,Position,Truck Camper,2020,LOC010,No
RV00292,Ten,Truck Camper,2017,LOC084,No
RV00293,Vote,Class B,2010,LOC084,Yes
RV00294,Such,Class C,2020,LOC090,No
RV00295,Toward,Class A,2010,LOC085,No
RV00296,Agree,Class C,2014,LOC023,Yes
RV00297,Morning,Truck Camper,2011,LOC046,No
RV00298,Collection,Truck Camper,2010,LOC012,No
RV00299,Clear,Class A,2019,LOC055,No
RV00300,Answer,Class A,2021,LOC013,No
RV00301,Simply,Truck Camper,2022,LOC074,No
RV00302,Night,Pop-Up,2020,LOC007,No
RV00303,Big,Pop-Up,2017,LOC012,No
RV00304,Night,Class A,2021,LOC061,No
RV00305,Research,Pop-Up,2022,LOC025,No
RV00306,Worry,Class A,2013,LOC002,Yes
RV00307,Lay,Class C,2011,LOC026,No
RV00308,Edge,Class C,2014,LOC051,No
RV00309,Performance,Class C,2021,LOC069,No
RV00310,Rule,Class A,2020,LOC062,No
RV00311,Hope,Class A,2022,LOC072,No
RV00312,Seek,Pop-Up,2022,LOC073,No
RV00313,Ten,Pop-Up,2021,LOC039,No
RV00314,While,Pop-Up,2015,LOC084,No
RV00315,Sometimes,Class B,2017,LOC011,No
RV00316,Direction,Class A,2016,LOC064,No
RV00317,Difficult,Class C,2016,LOC086,Yes
RV00318,Large,Class C,2010,LOC080,No
RV00319,Call,Class B,2012,LOC042,Yes
RV00320,Whether,Class B,2012,LOC010,Yes
RV00321,Back,Class C,2016,LOC089,Yes
RV00322,Laugh,Class A,2021,LOC019,No
RV00323,Data,Class C,2011,LOC004,No
RV00324,Structure,Class C,2019,LOC083,No
RV00325,Current,Class B,2016,LOC003,No
RV00326,Treatment,Class B,2018,LOC081,No
RV00327,Find,Pop-Up,2010,LOC014,No
RV00328,That,Class B,2021,LOC010,No
RV00329,Catch,Class C,2011,LOC006,No
RV00330,Place,Pop-Up,2020,LOC031,No
RV00331,Community,Class C,2015,LOC031,No
RV00332,Event,Class A,2011,LOC048,No
RV00333,Should,Class A,2021,LOC009,No
RV00334,Detail,Class B,2011,LOC076,No
RV00335,Conference,Pop-Up,2014,LOC026,No
RV00336,Until,Truck Camper,2016,LOC002,No
RV00337,Similar,Class A,2013,LOC004,No
RV00338,Early,Class A,2022,LOC096,No
RV00339,Agency,Class A,2015,LOC092,No
RV00340,Mr,Class A,2021,LOC006,No
RV00341,Available,Class B,2012,LOC030,No
RV00342,Performance,Pop-Up,2013,LOC055,No
RV00343,Appear,Class A,2013,LOC028,No
RV00344,Raise,Class B,2013,LOC061,No
RV00345,Air,Pop-Up,2021,LOC077,No
RV00346,Land,Pop-Up,2010,LOC055,No
RV00347,Only,Truck Camper,2022,LOC036,No
RV00348,Million,Class C,2013,LOC074,Yes
RV00349,Wonder,Class A,2013,LOC074,Yes
RV00350,Now,Class B,2015,LOC005,No
RV00351,Goal,Pop-Up,2018,LOC029,No
RV00352,Impact,Truck Camper,2019,LOC100,No
RV00353,Real,Class C,2015,LOC012,No
RV00354,Friend,Pop-Up,2015,LOC022,No
RV00355,After,Pop-Up,2016,LOC059,No
RV00356,Push,Class A,2016,LOC039,No
RV00357,Response,Class C,2010,LOC002,No
RV00358,Religious,Class C,2017,LOC014,No
RV00359,All,Class B,2010,LOC010,Yes
RV00360,Position,Truck Camper,2018,LOC048,No
RV00361,Cup,Class B,2013,LOC064,No
RV00362,Window,Truck Camper,2018,LOC003,No
RV00363,Reduce,Class B,2017,LOC072,No
RV00364,Prove,Truck Camper,2018,LOC060,No
RV00365,Nature,Class A,2015,LOC081,No
RV00366,Front,Truck Camper,2018,LOC068,No
RV00367,Light,Class B,2013,LOC021,No
RV00368,Pass,Class C,2012,LOC094,No
RV00369,Provide,Pop-Up,2012,LOC019,No
RV00370,Single,Truck Camper,2017,LOC079,Yes
RV00371,Form,Truck Camper,2011,LOC020,No
RV00372,Poor,Class C,2021,LOC058,No
RV00373,Sell,Class A,2015,LOC042,Yes
RV00374,Thing,Class B,2018,LOC094,No
RV00375,Recognize,Class A,2018,LOC010,No
RV00376,Fear,Truck Camper,2017,LOC023,No
RV00377,Research,Truck Camper,2017,LOC088,No
RV00378,Unit,Class A,2010,LOC012,Yes
RV00379,Later,Class B,2020,LOC009,No
RV00380,Major,Truck Camper,2016,LOC079,No
RV00381,Speak,Truck Camper,2010,LOC029,No
RV00382,Tax,Class A,2018,LOC082,No
RV00383,Water,Pop-Up,2012,LOC020,No
RV00384,Our,Class C,2010,LOC065,No
RV00385,Receive,Truck Camper,2017,LOC003,No
RV00386,Will,Class B,2016,LOC008,No
RV00387,Can,Pop-Up,2011,LOC039,No
RV00388,Rich,Class A,2016,LOC064,No
RV00389,Choose,Class A,2014,LOC031,No
RV00390,Near,Class B,2016,LOC072,No
RV00391,Station,Pop-Up,2019,LOC079,No
RV00392,Operation,Class B,2021,LOC022,No
RV00393,Hair,Truck Camper,2016,LOC096,No
RV00394,Arm,Pop-Up,2011,LOC005,No
RV00395,Research,Class C,2011,LOC058,No
RV00396,North,Class C,2016,LOC073,Yes
RV00397,Respond,Class B,2012,LOC079,No
RV00398,Under,Class C,2013,LOC063,No
RV00399,Fight,Class B,2016,LOC061,No
RV00400,Car,Truck Camper,2011,LOC052,No
RV00401,Class,Truck Camper,2022,LOC033,No
RV00402,Suffer,Class B,2011,LOC022,No
RV00403,Than,Truck Camper,2018,LOC051,No
RV00404,Himself,Class C,2020,LOC011,No
RV00405,Investment,Truck Camper,2010,LOC058,No
RV00406,Teacher,Class C,2021,LOC050,No
RV00407,Society,Class C,2021,LOC070,No
RV00408,Different,Class A,2012,LOC017,No
RV00409,Night,Truck Camper,2019,LOC046,No
RV00410,Memory,Truck Camper,2013,LOC044,No
RV00411,Table,Class B,2014,LOC057,No
RV00412,Yet,Class B,2012,LOC005,No
RV00413,Within,Pop-Up,2018,LOC039,No
RV00414,Find,Class C,2014,LOC058,No
RV00415,Event,Class A,2016,LOC009,No
RV00416,Itself,Class C,2020,LOC093,No
RV00417,Watch,Truck Camper,2022,LOC023,No
RV00418,Sure,Pop-Up,2016,LOC047,No
RV00419,Every,Class C,2020,LOC036,No
RV00420,Town,Pop-Up,2018,LOC031,No
RV00421,Out,Class C,2011,LOC084,No
RV00422,Day,Truck Camper,2012,LOC023,No
RV00423,Artist,Truck Camper,2013,LOC056,No
RV00424,Soldier,Class C,2017,LOC071,No
RV00425,Trip,Class A,2010,LOC046,No
RV00426,Find,Truck Camper,2018,LOC058,No
RV00427,No,Class B,2014,LOC036,No
RV00428,Single,Class A,2013,LOC068,No
RV00429,Prove,Class C,2022,LOC088,No
RV00430,Affect,Class A,2017,LOC060,No
RV00431,Dark,Class B,2018,LOC014,No
RV00432,Put,Truck Camper,2012,LOC025,No
RV00433,Prevent,Truck Camper,2013,LOC071,No
RV00434,Case,Truck Camper,2010,LOC079,No
RV00435,Friend,Class B,2021,LOC044,No
RV00436,Market,Class A,2012,LOC046,No
RV00437,Difference,Class C,2019,LOC013,No
RV00438,Trouble,Class C,2014,LOC062,Yes
RV00439,Expect,Class A,2022,LOC019,No
RV00440,Simply,Truck Camper,2017,LOC012,No
RV00441,Treatment,Class C,2010,LOC090,No
RV00442,Describe,Truck Camper,2010,LOC048,No
RV00443,Forward,Pop-Up,2012,LOC033,No
RV00444,South,Pop-Up,2018,LOC079,No
RV00445,Total,Class C,2018,LOC037,No
RV00446,Enough,Class A,2010,LOC006,No
RV00447,History,Class A,2013,LOC089,No
RV00448,Suffer,Class A,2021,LOC081,No
RV00449,Early,Truck Camper,2017,LOC043,No
RV00450,Listen,Pop-Up,2011,LOC100,No
RV00451,Address,Truck Camper,2013,LOC050,No
RV00452,Nor,Class B,2016,LOC046,No
RV00453,Send,Class B,2016,LOC073,Yes
RV00454,Country,Class C,2014,LOC028,No
RV00455,My,Class B,2016,LOC099,No
RV00456,Summer,Class A,2015,LOC067,No
RV00457,Argue,Class C,2011,LOC011,No
RV00458,About,Pop-Up,2018,LOC020,No
RV00459,Move,Pop-Up,2014,LOC087,No
RV00460,Happen,Class B,2011,LOC030,No
RV00461,Difference,Class B,2015,LOC036,No
RV00462,Training,Pop-Up,2019,LOC076,Yes
RV00463,Figure,Class B,2014,LOC100,No
RV00464,Between,Class B,2011,LOC099,No
RV00465,Get,Truck Camper,2022,LOC098,No
RV00466,Laugh,Pop-Up,2019,LOC068,No
RV00467,Election,Pop-Up,2019,LOC088,Yes
RV00468,Community,Class B,2016,LOC036,Yes
RV00469,Few,Class A,2019,LOC058,Yes
RV00470,Ground,Truck Camper,2022,LOC028,No
RV00471,Song,Class A,2011,LOC039,No
RV00472,Article,Class B,2016,LOC066,No
RV00473,Cost,Pop-Up,2015,LOC043,No
RV00474,Majority,Class A,2021,LOC005,No
RV00475,Impact,Class C,2021,LOC092,No
RV00476,Coach,Class A,2013,LOC013,No
RV00477,Director,Pop-Up,2013,LOC100,No
RV00478,Language,Class B,2021,LOC009,No
RV00479,Later,Class A,2015,LOC094,No
RV00480,Our,Class B,2018,LOC057,No
RV00481,Want,Truck Camper,2019,LOC027,No
RV00482,Seven,Class C,2015,LOC061,No
RV00483,Before,Pop-Up,2015,LOC077,No
RV00484,Human,Pop-Up,2020,LOC050,No
RV00485,Team,Class B,2010,LOC092,No
RV00486,Perform,Class C,2014,LOC082,No
RV00487,Thousand,Pop-Up,2010,LOC034,No
RV00488,Open,Class A,2020,LOC085,No
RV00489,Recent,Pop-Up,2018,LOC065,No
RV00490,Foreign,Class A,2019,LOC045,Yes
RV00491,Drug,Pop-Up,2013,LOC087,No
RV00492,Plan,Class A,2011,LOC034,No
RV00493,Commercial,Truck Camper,2018,LOC100,No
RV00494,Station,Class B,2015,LOC073,No
RV00495,Walk,Truck Camper,2020,LOC008,No
RV00496,Very,Class A,2022,LOC094,No
RV00497,Happen,Class B,2019,LOC048,No
RV00498,Garden,Class C,2012,LOC036,No
RV00499,Collection,Class A,2022,LOC100,No
RV00500,So,Pop-Up,2021,LOC082,Yes
RV00501,Radio,Pop-Up,2011,LOC066,No
RV00502,Suddenly,Class C,2015,LOC011,No
RV00503,Until,Truck Camper,2019,LOC052,No
RV00504,Assume,Class A,2015,LOC036,No
RV00505,Painting,Pop-Up,2021,LOC095,No
RV00506,Test,Class B,2021,LOC031,No
RV00507,Voice,Class C,2018,LOC024,No
RV00508,Particular,Truck Camper,2014,LOC021,No
RV00509,Although,Truck Camper,2020,LOC096,No
RV00510,Place,Class B,2021,LOC030,No
RV00511,Require,Class B,2018,LOC072,No
RV00512,Region,Class C,2022,LOC097,No
RV00513,Also,Class B,2014,LOC064,No
RV00514,Small,Pop-Up,2011,LOC039,No
RV00515,Huge,Truck Camper,2010,LOC001,No
RV00516,System,Class B,2018,LOC097,No
RV00517,Pick,Class A,2019,LOC042,No
RV00518,Trip,Class B,2016,LOC077,No
RV00519,Near,Truck Camper,2012,LOC086,No
RV00520,Blue,Pop-Up,2021,LOC005,No
RV00521,Inside,Class B,2015,LOC012,No
RV00522,Dream,Pop-Up,2019,LOC029,No
RV00523,Glass,Class A,2013,LOC003,No
RV00524,Politics,Truck Camper,2018,LOC061,No
RV00525,Television,Class C,2011,LOC051,No
RV00526,Arrive,Truck Camper,2020,LOC036,No
RV00527,Visit,Class C,2021,LOC075,No
RV00528,Unit,Class C,2021,LOC090,No
RV00529,Center,Truck Camper,2013,LOC002,No
RV00530,Pm,Class C,2010,LOC029,No
RV00531,Task,Pop-Up,2016,LOC041,No
RV00532,Some,Class A,2013,LOC029,No
RV00533,Fish,Class B,2014,LOC100,No
RV00534,Five,Class C,2021,LOC064,No
RV00535,Tv,Class C,2010,LOC058,No
RV00536,Opportunity,Truck Camper,2011,LOC083,No
RV00537,Camera,Pop-Up,2021,LOC010,No
RV00538,Five,Class B,2013,LOC011,No
RV00539,Career,Class C,2011,LOC007,No
RV00540,Should,Pop-Up,2022,LOC077,No
RV00541,Trial,Class B,2010,LOC061,No
RV00542,Third,Truck Camper,2019,LOC066,No
RV00543,Piece,Class C,2010,LOC094,No
RV00544,Deal,Truck Camper,2015,LOC086,No
RV00545,Accept,Truck Camper,2011,LOC053,No
RV00546,Would,Class C,2012,LOC065,No
RV00547,Process,Pop-Up,2014,LOC027,No
RV00548,Meeting,Pop-Up,2012,LOC007,No
RV00549,National,Truck Camper,2015,LOC065,Yes
RV00550,As,Truck Camper,2016,LOC058,No
RV00551,Throw,Class A,2019,LOC025,No
RV00552,May,Class B,2015,LOC048,No
RV00553,Couple,Truck Camper,2011,LOC004,No
RV00554,Entire,Truck Camper,2018,LOC094,No
RV00555,Identify,Class B,2011,LOC008,No
RV00556,Organization,Class C,2015,LOC085,No
RV00557,Serve,Pop-Up,2018,LOC068,Yes
RV00558,Girl,Class C,2018,LOC060,No
RV00559,Policy,Class B,2011,LOC004,No
RV00560,Read,Class B,2018,LOC008,No
RV00561,Season,Class A,2017,LOC090,No
RV00562,Finally,Class A,2016,LOC093,No
RV00563,Sea,Pop-Up,2022,LOC016,No
RV00564,While,Truck Camper,2020,LOC019,No
RV00565,Organization,Class B,2017,LOC001,No
RV00566,Note,Class A,2019,LOC034,No
RV00567,We,Class C,2017,LOC093,No
RV00568,Relationship,Class A,2010,LOC091,Yes
RV00569,Time,Class C,2018,LOC045,No
RV00570,Leader,Class A,2015,LOC063,No
RV00571,Hand,Class C,2010,LOC094,No
RV00572,Bring,Class A,2010,LOC006,No
RV00573,So,Class A,2022,LOC036,No
RV00574,Look,Pop-Up,2016,LOC066,No
RV00575,Space,Truck Camper,2019,LOC078,No
RV00576,Thus,Class B,2011,LOC008,No
RV00577,Well,Truck Camper,2015,LOC067,No
RV00578,Service,Pop-Up,2022,LOC099,No
RV00579,Bad,Class C,2014,LOC027,No
RV00580,Bed,Truck Camper,2014,LOC034,Yes
RV00581,Out,Class B,2019,LOC028,No
RV00582,Until,Class B,2021,LOC031,No
RV00583,Pick,Class C,2015,LOC017,No
RV00584,Tonight,Class B,2020,LOC083,No
RV00585,Product,Pop-Up,2017,LOC055,No
RV00586,Raise,Truck Camper,2014,LOC075,No
RV00587,Summer,Class B,2017,LOC009,No
RV00588,Material,Truck Camper,2014,LOC094,No
RV00589,Fish,Class A,2019,LOC057,No
RV00590,Marriage,Truck Camper,2015,LOC045,Yes
RV00591,Player,Class C,2017,LOC006,No
RV00592,Card,Pop-Up,2011,LOC014,Yes
RV00593,Product,Class B,2016,LOC031,No
RV00594,Word,Pop-Up,2012,LOC054,No
RV00595,Seek,Truck Camper,2018,LOC011,No
RV00596,Reveal,Class B,2019,LOC069,No
RV00597,Begin,Pop-Up,2016,LOC095,No
RV00598,Wear,Class C,2012,LOC002,No
RV00599,Threat,Class A,2017,LOC017,Yes
RV00600,Chair,Class A,2019,LOC036,Yes
RV00601,Only,Class C,2011,LOC003,No
RV00602,Hair,Class A,2019,LOC063,No
RV00603,Write,Class C,2021,LOC043,No
RV00604,Research,Truck Camper,2017,LOC093,No
RV00605,Show,Class C,2016,LOC033,Yes
RV00606,Down,Class A,2021,LOC078,No
RV00607,Detail,Truck Camper,2014,LOC029,No
RV00608,Read,Class C,2013,LOC023,Yes
RV00609,Wide,Class C,2020,LOC059,No
RV00610,Responsibility,Truck Camper,2019,LOC081,No
RV00611,Option,Class B,2021,LOC049,No
RV00612,Nation,Class A,2019,LOC055,No
RV00613,Heavy,Class B,2010,LOC075,No
RV00614,Picture,Truck Camper,2022,LOC028,No
RV00615,Most,Truck Camper,2013,LOC071,No
RV00616,Today,Pop-Up,2015,LOC072,No
RV00617,Pull,Pop-Up,2015,LOC093,No
RV00618,Successful,Truck Camper,2011,LOC025,No
RV00619,Exist,Pop-Up,2018,LOC007,Yes
RV00620,Under,Class C,2022,LOC086,No
RV00621,Whatever,Class B,2022,LOC073,No
RV00622,Evidence,Truck Camper,2010,LOC075,No
RV00623,Heavy,Class C,2013,LOC034,Yes
RV00624,Better,Class A,2013,LOC091,No
RV00625,He,Class A,2011,LOC022,No
RV00626,Direction,Pop-Up,2017,LOC067,Yes
RV00627,Service,Pop-Up,2020,LOC050,No
RV00628,Really,Class C,2011,LOC048,No
RV00629,Information,Class A,2011,LOC072,No
RV00630,Score,Truck Camper,2011,LOC070,No
RV00631,Resource,Class B,2010,LOC057,No
RV00632,Boy,Pop-Up,2022,LOC025,No
RV00633,Garden,Class C,2014,LOC066,Yes
RV00634,Significant,Pop-Up,2020,LOC016,No
RV00635,Herself,Class C,2013,LOC058,No
RV00636,Impact,Class A,2011,LOC041,No
RV00637,Short,Pop-Up,2010,LOC051,No
RV00638,Treatment,Class C,2010,LOC021,No
RV00639,Letter,Class C,2011,LOC079,No
RV00640,Realize,Pop-Up,2010,LOC056,No
RV00641,Somebody,Class B,2018,LOC098,No
RV00642,Mr,Truck Camper,2011,LOC047,No
RV00643,Need,Class A,2012,LOC043,No
RV00644,World,Pop-Up,2018,LOC084,No
RV00645,Yeah,Pop-Up,2014,LOC031,No
RV00646,Raise,Class B,2022,LOC015,No
RV00647,Address,Class A,2017,LOC048,No
RV00648,Back,Pop-Up,2016,LOC062,Yes
RV00649,Tax,Class B,2015,LOC092,No
RV00650,Film,Truck Camper,2022,LOC070,No
RV00651,Soon,Class C,2011,LOC003,No
RV00652,Structure,Truck Camper,2022,LOC038,No
RV00653,Public,Truck Camper,2013,LOC087,No
RV00654,Movie,Truck Camper,2018,LOC058,No
RV00655,Fear,Truck Camper,2016,LOC067,Yes
RV00656,Back,Class C,2012,LOC045,No
RV00657,The,Class A,2015,LOC044,No
RV00658,Yard,Class A,2017,LOC008,No
RV00659,Challenge,Class B,2017,LOC066,No
RV00660,Soon,Class B,2017,LOC071,No
RV00661,Up,Pop-Up,2022,LOC061,No
RV00662,Exactly,Truck Camper,2017,LOC017,No
RV00663,Hard,Truck Camper,2019,LOC071,No
RV00664,Blood,Class C,2015,LOC097,No
RV00665,Agree,Truck Camper,2020,LOC036,No
RV00666,Environmental,Class C,2019,LOC068,No
RV00667,Personal,Pop-Up,2020,LOC080,No
RV00668,Popular,Class B,2012,LOC021,No
RV00669,Color,Class B,2018,LOC082,No
RV00670,Seem,Pop-Up,2012,LOC046,No
RV00671,Focus,Pop-Up,2021,LOC046,Yes
RV00672,Organization,Truck Camper,2021,LOC092,No
RV00673,Four,Class B,2013,LOC016,No
RV00674,Rock,Class A,2019,LOC022,No
RV00675,Successful,Pop-Up,2010,LOC006,No
RV00676,Conference,Class B,2011,LOC094,No
RV00677,End,Class B,2015,LOC056,No
RV00678,Late,Class C,2022,LOC045,No
RV00679,Measure,Class B,2021,LOC058,No
RV00680,Couple,Pop-Up,2010,LOC028,No
RV00681,Majority,Truck Camper,2021,LOC017,No
RV00682,High,Class B,2018,LOC036,Yes
RV00683,Issue,Class A,2017,LOC012,Yes
RV00684,Should,Pop-Up,2011,LOC050,No
RV00685,Feel,Truck Camper,2011,LOC059,Yes
RV00686,Word,Truck Camper,2017,LOC012,No
RV00687,Heavy,Pop-Up,2021,LOC100,No
RV00688,Chance,Truck Camper,2020,LOC062,No
RV00689,Onto,Class A,2017,LOC040,Yes
RV00690,Person,Class B,2010,LOC093,No
RV00691,Guess,Pop-Up,2014,LOC002,No
RV00692,Step,Class B,2020,LOC093,No
RV00693,Past,Class B,2011,LOC094,No
RV00694,Plan,Truck Camper,2010,LOC100,No
RV00695,Ever,Pop-Up,2012,LOC025,No
RV00696,Everyone,Class B,2022,LOC085,No
RV00697,Fact,Class C,2012,LOC086,No
RV00698,That,Class A,2022,LOC074,No
RV00699,Reason,Truck Camper,2019,LOC031,No
RV00700,Mother,Pop-Up,2018,LOC047,No
RV00701,Well,Pop-Up,2019,LOC060,No
RV00702,Less,Truck Camper,2010,LOC073,Yes
RV00703,Age,Class B,2020,LOC098,No
RV00704,Reason,Truck Camper,2011,LOC041,No
RV00705,Never,Pop-Up,2018,LOC050,No
RV00706,West,Class C,2014,LOC023,No
RV00707,Go,Class B,2018,LOC012,No
RV00708,Set,Truck Camper,2015,LOC071,Yes
RV00709,Energy,Pop-Up,2019,LOC096,No
RV00710,Past,Pop-Up,2019,LOC083,No
RV00711,Party,Pop-Up,2012,LOC022,No
RV00712,List,Class C,2017,LOC056,Yes
RV00713,Indeed,Class B,2022,LOC016,No
RV00714,Create,Truck Camper,2018,LOC058,Yes
RV00715,Brother,Class B,2011,LOC072,No
RV00716,Popular,Pop-Up,2018,LOC094,No
RV00717,Majority,Class C,2013,LOC051,No
RV00718,Wrong,Class C,2017,LOC006,No
RV00719,Production,Pop-Up,2014,LOC002,No
RV00720,Half,Class B,2022,LOC062,No
RV00721,Old,Class B,2015,LOC098,No
RV00722,Sport,Class C,2013,LOC093,No
RV00723,Family,Class A,2014,LOC042,No
RV00724,Read,Class C,2021,LOC043,No
RV00725,Science,Class C,2010,LOC052,No
RV00726,Difficult,Truck Camper,2021,LOC058,No
RV00727,Go,Class C,2012,LOC020,No
RV00728,Hotel,Class A,2013,LOC056,Yes
RV00729,Where,Class C,2010,LOC067,No
RV00730,Design,Class B,2022,LOC059,No
RV00731,Data,Truck Camper,2012,LOC048,No
RV00732,Fact,Truck Camper,2013,LOC035,No
RV00733,Step,Class C,2018,LOC008,No
RV00734,Usually,Truck Camper,2012,LOC076,No
RV00735,Stand,Truck Camper,2020,LOC032,No
RV00736,There,Class C,2012,LOC093,No
RV00737,Require,Class A,2013,LOC045,No
RV00738,Traditional,Class C,2018,LOC085,No
RV00739,Drive,Class B,2018,LOC067,No
RV00740,Camera,Pop-Up,2010,LOC027,No
RV00741,Recognize,Class A,2017,LOC003,No
RV00742,Simple,Class C,2019,LOC057,No
RV00743,Phone,Class A,2022,LOC065,No
RV00744,Look,Pop-Up,2010,LOC020,No
RV00745,Reduce,Truck Camper,2011,LOC071,No
RV00746,Oil,Truck Camper,2019,LOC041,No
RV00747,Control,Pop-Up,2020,LOC001,No
RV00748,Order,Truck Camper,2014,LOC074,No
RV00749,Second,Class A,2020,LOC076,No
RV00750,Land,Truck Camper,2022,LOC004,No
RV00751,Wish,Pop-Up,2020,LOC071,No
RV00752,Doctor,Pop-Up,2021,LOC010,No
RV00753,White,Pop-Up,2022,LOC086,No
RV00754,Hotel,Class B,2015,LOC089,No
RV00755,Base,Class A,2011,LOC029,No
RV00756,Health,Pop-Up,2019,LOC015,No
RV00757,Particular,Class A,2014,LOC019,No
RV00758,Prevent,Class B,2012,LOC058,No
RV00759,Upon,Class A,2016,LOC053,No
RV00760,White,Class C,2021,LOC046,No
RV00761,Anyone,Class B,2021,LOC018,No
RV00762,Serve,Class B,2010,LOC003,No
RV00763,Listen,Truck Camper,2014,LOC070,No
RV00764,Company,Pop-Up,2021,LOC022,No
RV00765,Inside,Class B,2012,LOC055,No
RV00766,Final,Class A,2020,LOC064,No
RV00767,Remember,Class C,2011,LOC041,No
RV00768,Hear,Class A,2021,LOC095,No
RV00769,Ground,Class A,2021,LOC085,No
RV00770,Senior,Class C,2012,LOC008,No
RV00771,Write,Truck Camper,2019,LOC065,No
RV00772,Offer,Pop-Up,2013,LOC003,No
RV00773,Election,Class B,2020,LOC029,No
RV00774,Thousand,Pop-Up,2011,LOC070,No
RV00775,But,Truck Camper,2011,LOC097,No
RV00776,Onto,Class C,2012,LOC018,No
RV00777,Car,Pop-Up,2011,LOC058,No
RV00778,Continue,Class A,2015,LOC001,No
RV00779,Drug,Class B,2011,LOC022,No
RV00780,Office,Class B,2010,LOC095,No
RV00781,Stay,Truck Camper,2017,LOC023,No
RV00782,Team,Truck Camper,2019,LOC008,No
RV00783,Here,Class C,2013,LOC029,No
RV00784,Chance,Truck Camper,2011,LOC044,Yes
RV00785,Maybe,Pop-Up,2013,LOC062,No
RV00786,Prevent,Class B,2020,LOC019,No
RV00787,Weight,Class C,2011,LOC059,No
RV00788,Human,Truck Camper,2020,LOC080,No
RV00789,Keep,Class A,2014,LOC019,No
RV00790,Development,Class B,2016,LOC022,No
RV00791,Note,Class C,2015,LOC083,No
RV00792,Not,Class B,2011,LOC068,No
RV00793,Many,Pop-Up,2020,LOC005,No
RV00794,Recognize,Truck Camper,2022,LOC005,No
RV00795,Sort,Truck Camper,2013,LOC025,Yes
RV00796,Foreign,Truck Camper,2017,LOC024,No
RV00797,Manage,Class A,2021,LOC001,No
RV00798,Full,Pop-Up,2016,LOC028,No
RV00799,Anyone,Class A,2016,LOC047,No
RV00800,How,Pop-Up,2021,LOC085,No
RV00801,Everyone,Pop-Up,2021,LOC060,No
RV00802,Fire,Pop-Up,2013,LOC019,No
RV00803,You,Truck Camper,2010,LOC087,No
RV00804,Market,Truck Camper,2016,LOC014,No
RV00805,Choose,Truck Camper,2015,LOC070,No
RV00806,Dark,Class A,2017,LOC096,No
RV00807,Window,Class C,2020,LOC096,No
RV00808,Brother,Pop-Up,2022,LOC008,No
RV00809,Car,Class A,2014,LOC037,No
RV00810,Decide,Truck Camper,2017,LOC086,No
RV00811,Of,Truck Camper,2019,LOC072,No
RV00812,Today,Class C,2020,LOC010,No
RV00813,Choice,Truck Camper,2017,LOC067,No
RV00814,Stand,Pop-Up,2018,LOC013,Yes
RV00815,Population,Class B,2010,LOC039,No
RV00816,In,Truck Camper,2012,LOC064,No
RV00817,Explain,Class C,2021,LOC030,No
RV00818,Week,Class B,2021,LOC004,No
RV00819,Happen,Pop-Up,2020,LOC045,No
RV00820,Then,Pop-Up,2015,LOC006,No
RV00821,Force,Pop-Up,2022,LOC016,No
RV00822,Short,Class C,2013,LOC022,No
RV00823,Wife,Class B,2017,LOC091,No
RV00824,Mother,Pop-Up,2019,LOC021,No
RV00825,Explain,Truck Camper,2010,LOC093,No
RV00826,Project,Class B,2021,LOC065,No
RV00827,Staff,Pop-Up,2014,LOC030,No
RV00828,Hard,Class B,2013,LOC024,No
RV00829,Media,Truck Camper,2021,LOC064,No
RV00830,Include,Class A,2010,LOC013,No
RV00831,Good,Pop-Up,2019,LOC094,No
RV00832,Institution,Truck Camper,2015,LOC026,No
RV00833,Become,Class C,2019,LOC098,No
RV00834,Court,Pop-Up,2022,LOC020,No
RV00835,Might,Class A,2012,LOC061,No
RV00836,Right,Truck Camper,2020,LOC006,No
RV00837,Study,Truck Camper,2020,LOC043,No
RV00838,Mission,Class B,2014,LOC049,No
RV00839,Too,Pop-Up,2015,LOC009,No
RV00840,Address,Class A,2013,LOC037,No
RV00841,Sea,Class C,2019,LOC016,No
RV00842,Bar,Class B,2019,LOC004,No
RV00843,Book,Pop-Up,2021,LOC032,No
RV00844,Thought,Class A,2015,LOC084,No
RV00845,Standard,Class B,2016,LOC093,No
RV00846,Story,Class A,2011,LOC095,No
RV00847,Someone,Class A,2016,LOC017,No
RV00848,Difference,Class B,2016,LOC041,No
RV00849,Discussion,Class B,2011,LOC089,No
RV00850,Budget,Pop-Up,2012,LOC045,No
RV00851,Question,Class B,2012,LOC016,No
RV00852,Soon,Pop-Up,2010,LOC020,No
RV00853,Be,Class A,2010,LOC042,No
RV00854,Off,Class B,2019,LOC010,No
RV00855,Difficult,Pop-Up,2020,LOC052,No
RV00856,Sister,Pop-Up,2015,LOC060,No
RV00857,They,Class C,2018,LOC048,No
RV00858,Hotel,Pop-Up,2018,LOC023,No
RV00859,Back,Pop-Up,2020,LOC033,No
RV00860,Toward,Class C,2010,LOC077,No
RV00861,Seek,Truck Camper,2021,LOC025,No
RV00862,Win,Class B,2016,LOC050,No
RV00863,People,Class C,2015,LOC100,No
RV00864,Raise,Pop-Up,2013,LOC088,No
RV00865,Popular,Pop-Up,2020,LOC070,No
RV00866,Somebody,Class B,2012,LOC079,No
RV00867,Wish,Class A,2018,LOC055,No
RV00868,Really,Class C,2019,LOC098,No
RV00869,Myself,Truck Camper,2014,LOC068,Yes
RV00870,View,Class B,2017,LOC078,No
RV00871,Standard,Class B,2013,LOC004,No
RV00872,Fall,Class C,2013,LOC028,No
RV00873,Serve,Pop-Up,2015,LOC029,No
RV00874,Attention,Pop-Up,2015,LOC082,No
RV00875,Manage,Truck Camper,2012,LOC084,No
RV00876,Know,Class C,2011,LOC048,No
RV00877,Let,Class B,2020,LOC096,No
RV00878,Might,Class C,2018,LOC072,No
RV00879,Surface,Class A,2011,LOC013,No
RV00880,Several,Class B,2018,LOC043,No
RV00881,Forget,Truck Camper,2021,LOC009,No
RV00882,Two,Truck Camper,2020,LOC040,No
RV00883,Ahead,Class B,2017,LOC046,No
RV00884,Decision,Pop-Up,2020,LOC058,No
RV00885,Picture,Class B,2022,LOC097,No
RV00886,Green,Class B,2019,LOC056,No
RV00887,Society,Class A,2016,LOC012,No
RV00888,Recent,Class B,2021,LOC025,No
RV00889,Of,Class C,2014,LOC089,No
RV00890,Manage,Class C,2022,LOC016,No
RV00891,Interesting,Truck Camper,2012,LOC051,No
RV00892,Myself,Pop-Up,2011,LOC080,No
RV00893,Two,Truck Camper,2020,LOC099,No
RV00894,Standard,Class A,2017,LOC087,No
RV00895,Performance,Class B,2011,LOC072,No
RV00896,Six,Truck Camper,2017,LOC053,No
RV00897,Food,Class B,2014,LOC052,No
RV00898,With,Truck Camper,2018,LOC067,No
RV00899,Crime,Class B,2013,LOC024,No
RV00900,Win,Truck Camper,2017,LOC086,No
RV00901,Interesting,Class C,2022,LOC014,No
RV00902,Miss,Class A,2020,LOC022,No
RV00903,Yard,Truck Camper,2016,LOC098,No
RV00904,Myself,Class C,2021,LOC100,No
RV00905,While,Pop-Up,2017,LOC031,No
RV00906,Bar,Truck Camper,2014,LOC085,No
RV00907,Since,Class B,2011,LOC058,No
RV00908,Morning,Class A,2016,LOC069,No
RV00909,Meet,Class C,2012,LOC019,No
RV00910,Part,Class C,2022,LOC053,No
RV00911,Several,Class A,2019,LOC085,No
RV00912,Big,Truck Camper,2019,LOC002,No
RV00913,Sort,Class B,2019,LOC053,No
RV00914,Worker,Pop-Up,2021,LOC067,No
RV00915,Price,Truck Camper,2020,LOC047,No
RV00916,Growth,Class A,2019,LOC053,No
RV00917,Per,Truck Camper,2022,LOC057,No
RV00918,Leader,Truck Camper,2011,LOC094,No
RV00919,Cover,Class A,2012,LOC098,No
RV00920,Ever,Class A,2013,LOC025,Yes
RV00921,About,Pop-Up,2019,LOC035,No
RV00922,Success,Class A,2022,LOC029,Yes
RV00923,Will,Class A,2020,LOC076,No
RV00924,Record,Class A,2016,LOC087,No
RV00925,Usually,Class C,2019,LOC092,No
RV00926,Per,Class A,2021,LOC017,No
RV00927,Beyond,Class A,2010,LOC080,No
RV00928,Price,Class A,2015,LOC049,No
RV00929,To,Pop-Up,2022,LOC056,No
RV00930,Father,Truck Camper,2015,LOC073,No
RV00931,And,Class A,2017,LOC003,No
RV00932,Do,Class A,2011,LOC022,No
RV00933,Future,Pop-Up,2011,LOC095,No
RV00934,Professional,Truck Camper,2010,LOC014,No
RV00935,Might,Pop-Up,2012,LOC003,No
RV00936,Occur,Class B,2016,LOC038,No
RV00937,Themselves,Class B,2017,LOC087,No
RV00938,Although,Class B,2016,LOC021,No
RV00939,Soon,Class A,2018,LOC051,No
RV00940,High,Pop-Up,2017,LOC024,No
RV00941,Pick,Class A,2017,LOC096,No
RV00942,Year,Class B,2020,LOC045,No
RV00943,Reflect,Truck Camper,2011,LOC069,No
RV00944,Television,Truck Camper,2010,LOC097,No
RV00945,Hospital,Pop-Up,2015,LOC044,Yes
RV00946,Piece,Truck Camper,2016,LOC047,No
RV00947,Reflect,Class B,2015,LOC057,No
RV00948,Her,Pop-Up,2016,LOC019,No
RV00949,Matter,Pop-Up,2017,LOC034,No
RV00950,Including,Class B,2011,LOC003,Yes
RV00951,City,Class B,2010,LOC039,No
RV00952,Positive,Class B,2019,LOC092,No
RV00953,War,Class B,2017,LOC075,No
RV00954,Blood,Pop-Up,2017,LOC060,Yes
RV00955,Language,Truck Camper,2017,LOC010,No
RV00956,Might,Class B,2019,LOC040,No
RV00957,Society,Class C,2016,LOC002,No
RV00958,A,Pop-Up,2011,LOC045,No
RV00959,Born,Class A,2013,LOC027,No
RV00960,Far,Truck Camper,2018,LOC053,No
RV00961,Evening,Pop-Up,2017,LOC009,No
RV00962,Seek,Class B,2013,LOC001,No
RV00963,Them,Class C,2017,LOC033,No
RV00964,Support,Class A,2019,LOC038,No
RV00965,Pass,Truck Camper,2022,LOC057,No
RV00966,Almost,Class B,2015,LOC033,Yes
RV00967,Give,Pop-Up,2020,LOC048,Yes
RV00968,Value,Pop-Up,2018,LOC003,No
RV00969,Environment,Truck Camper,2010,LOC032,No
RV00970,Plant,Class C,2015,LOC077,No
RV00971,Hope,Class B,2020,LOC021,No
RV00972,Name,Truck Camper,2013,LOC068,No
RV00973,Company,Truck Camper,2012,LOC017,No
RV00974,Statement,Pop-Up,2014,LOC042,No
RV00975,Fight,Truck Camper,2019,LOC068,No
RV00976,Religious,Class A,2020,LOC084,Yes
RV00977,Hotel,Class A,2017,LOC012,No
RV00978,Performance,Class B,2020,LOC090,No
RV00979,Wind,Truck Camper,2019,LOC045,No
RV00980,Weight,Pop-Up,2015,LOC036,No
RV00981,Seem,Class B,2010,LOC080,No
RV00982,Dinner,Class C,2015,LOC051,No
RV00983,Interview,Pop-Up,2016,LOC007,Yes
RV00984,Indeed,Class C,2022,LOC033,No
RV00985,Able,Class B,2015,LOC048,No
RV00986,Sound,Class A,2012,LOC066,No
RV00987,Yard,Pop-Up,2020,LOC033,No
RV00988,Require,Pop-Up,2018,LOC078,No
RV00989,Remember,Class B,2022,LOC084,No
RV00990,Suffer,Pop-Up,2019,LOC027,No
RV00991,Several,Pop-Up,2019,LOC047,No
RV00992,Hundred,Class B,2013,LOC085,No
RV00993,Same,Truck Camper,2014,LOC066,No
RV00994,Establish,Class B,2014,LOC043,Yes
RV00995,Large,Pop-Up,2012,LOC080,Yes
RV00996,Life,Class B,2021,LOC019,No
RV00997,Nice,Pop-Up,2011,LOC068,No
RV00998,Write,Class C,2017,LOC010,No
RV00999,International,Class C,2016,LOC022,No
